t_s,h_P1,h_P2,h_P3,h_P4,h_P5,h_P6,h_P7,h_P8,h_P9,vmax_P1,vmax_P2,vmax_P3,vmax_P4,vmax_P5,vmax_P6,vmax_P7,vmax_P8,vmax_P9
0.0,0.0,0.0,0.0,0.0,0.0,0.0,0.0,0.0,0.0,0.0,0.0,0.0,0.0,0.0,0.0,0.0,0.0,0.0
62.6,0.0005,0.0005,0.0005,0.0005,0.0005,0.0005,0.0005,0.0005,0.0005,0.0,0.0,0.0,0.0,0.0,0.0,0.0,0.0,0.0
120.5,0.0759,0.0363,0.0159,0.0019,0.0056,0.0034,0.0014,0.0074,0.0139,0.142,0.098,0.115,0.0,0.0,0.0,0.0,0.0,0.147
180.0,0.1456,0.0783,0.0225,0.0026,0.0241,0.0082,0.0016,0.0283,0.05,0.142,0.239,0.129,0.0,0.268,0.0,0.0,0.478,0.186
240.0,0.2496,0.1147,0.0545,0.0143,0.1028,0.0157,0.0639,0.0591,0.1034,0.142,0.457,0.156,0.112,0.268,0.354,0.338,0.729,0.622
300.1,0.3888,0.1451,0.0765,0.024,0.1597,0.0123,0.1085,0.0799,0.1391,0.142,0.607,0.238,0.143,0.268,0.354,0.663,0.879,0.89
360.1,0.4741,0.1705,0.1237,0.0468,0.168,0.0081,0.09,0.0727,0.1459,0.142,0.757,0.256,0.319,0.268,0.354,0.703,0.879,0.964
420.3,0.5054,0.2027,0.184,0.0573,0.1684,0.005,0.0798,0.0609,0.1463,0.142,0.935,0.256,0.386,0.268,0.354,0.703,0.879,0.987
480.3,0.5263,0.1943,0.2314,0.0734,0.1663,0.0038,0.0724,0.0707,0.1438,0.142,0.937,0.256,0.474,0.268,1.233,0.703,0.879,0.987
540.1,0.5395,0.1839,0.2544,0.0722,0.1613,0.0324,0.0657,0.1024,0.1401,0.142,0.937,0.256,0.474,0.268,1.233,0.703,0.992,0.987
600.3,0.541,0.1708,0.2794,0.0655,0.161,0.0166,0.0587,0.0014,0.1471,0.142,0.937,0.256,0.474,0.268,1.233,0.703,1.328,0.987
660.5,0.5391,0.1616,0.2971,0.0638,0.173,0.0186,0.0498,0.021,0.1563,0.142,0.937,0.256,0.474,0.268,1.233,0.703,1.414,1.178
720.1,0.5359,0.1549,0.3067,0.1019,0.1703,0.0176,0.0409,0.0613,0.1398,0.142,0.937,0.256,0.7,0.268,1.233,0.703,1.419,1.178
780.2,0.5321,0.149,0.3216,0.0718,0.1699,0.0166,0.0327,0.0744,0.1274,0.142,0.937,0.256,0.7,0.268,1.233,0.703,1.419,1.178
840.2,0.528,0.1433,0.3327,0.05,0.1663,0.0148,0.0255,0.0751,0.1487,0.142,0.937,0.256,0.7,0.268,1.233,0.703,1.419,1.178
900.2,0.5239,0.1378,0.3533,0.0535,0.1614,0.0129,0.0192,0.0694,0.1395,0.142,0.937,0.256,0.7,0.268,1.233,0.703,1.419,1.178
960.2,0.5195,0.1327,0.3702,0.0574,0.1571,0.0112,0.0141,0.066,0.1397,0.142,0.937,0.256,0.7,0.268,1.233,0.703,1.419,1.178
1020.2,0.5155,0.128,0.3762,0.0582,0.1517,0.0096,0.0102,0.0635,0.1377,0.142,0.937,0.256,0.7,0.268,1.233,0.703,1.419,1.178
1080.2,0.5117,0.1238,0.3917,0.0537,0.1504,0.0082,0.0073,0.0592,0.1361,0.142,0.937,0.256,0.7,0.268,1.233,0.703,1.419,1.178
1140.2,0.5078,0.12,0.4053,0.0501,0.1473,0.0069,0.005,0.056,0.1341,0.142,0.937,0.256,0.7,0.268,1.233,0.703,1.419,1.178
1200.2,0.5041,0.1166,0.4107,0.0474,0.1448,0.0058,0.0034,0.0532,0.1319,0.142,0.937,0.256,0.7,0.268,1.233,0.703,1.419,1.178
1260.2,0.501,0.1134,0.4176,0.0453,0.1423,0.0048,0.0021,0.0505,0.1294,0.142,0.937,0.256,0.7,0.268,1.233,0.703,1.419,1.178
1320.2,0.4977,0.1105,0.4269,0.0437,0.1399,0.0039,0.0011,0.0481,0.1267,0.142,0.937,0.256,0.7,0.268,1.233,0.703,1.419,1.178
1380.2,0.495,0.1077,0.4315,0.0422,0.1377,0.0031,0.0004,0.046,0.1237,0.142,0.937,0.256,0.7,0.268,1.233,0.703,1.419,1.178
1440.2,0.4922,0.1052,0.4364,0.0407,0.1354,0.0024,0.0001,0.0441,0.1207,0.142,0.937,0.256,0.7,0.268,1.233,0.703,1.419,1.178
1500.2,0.4897,0.1028,0.4382,0.0392,0.1332,0.0019,0.0001,0.0423,0.1176,0.142,0.937,0.256,0.7,0.268,1.233,0.703,1.419,1.178
1560.2,0.4874,0.1006,0.4467,0.0376,0.131,0.0014,0.0001,0.0406,0.1145,0.142,0.937,0.256,0.7,0.268,1.233,0.703,1.419,1.178
1620.2,0.4849,0.0985,0.4461,0.0359,0.1288,0.001,0.0001,0.0388,0.1114,0.142,0.937,0.256,0.7,0.268,1.233,0.703,1.419,1.178
1680.4,0.4829,0.0966,0.4544,0.0342,0.1266,0.0006,0.0001,0.0371,0.1083,0.142,0.937,0.256,0.7,0.268,1.233,0.703,1.419,1.178
1740.3,0.481,0.0949,0.454,0.0325,0.1245,0.0003,0.0001,0.0355,0.1054,0.142,0.937,0.256,0.7,0.268,1.233,0.703,1.419,1.178
1800.2,0.4792,0.0932,0.4622,0.0307,0.1223,0.0002,0.0001,0.034,0.1025,0.142,0.937,0.256,0.7,0.268,1.233,0.703,1.419,1.178
1860.0,0.4775,0.0917,0.4626,0.029,0.1202,0.0001,0.0049,0.0325,0.0997,0.142,0.937,0.256,0.7,0.268,1.233,0.703,1.419,1.178
1920.1,0.4757,0.0902,0.4614,0.0272,0.1182,0.0001,0.0939,0.0311,0.097,0.142,0.937,0.256,0.7,0.268,1.233,0.703,1.419,1.178
1980.0,0.4743,0.0889,0.4651,0.0255,0.1161,0.0001,0.1414,0.0298,0.0944,0.142,0.937,0.256,0.7,0.268,1.233,0.848,1.419,1.178
2040.1,0.4726,0.0876,0.4669,0.0238,0.1142,0.0001,0.1715,0.0285,0.0919,0.142,0.937,0.256,0.7,0.268,1.233,0.994,1.419,1.178
2100.3,0.4714,0.151,0.4694,0.0222,0.1122,0.0001,0.1945,0.0272,0.0896,0.142,0.937,0.256,0.7,0.268,1.233,1.093,1.419,1.178
2160.1,0.4723,0.1923,0.4724,0.0206,0.1103,0.0079,0.2129,0.026,0.0874,0.142,0.937,0.256,0.7,0.268,1.233,1.171,1.419,1.178
2220.1,0.4895,0.2116,0.4767,0.019,0.1085,0.0048,0.2284,0.0249,0.0853,0.142,0.98,0.256,0.7,0.268,1.338,1.235,1.419,1.178
2280.0,0.5043,0.2251,0.477,0.0175,0.1067,0.0436,0.2349,0.0238,0.0833,0.142,1.057,0.256,0.7,0.268,1.338,1.269,1.419,1.178
2340.4,0.5186,0.2327,0.4762,0.016,0.105,0.0489,0.2412,0.1321,0.0813,0.142,1.1,0.256,0.7,0.268,1.338,1.297,1.419,1.178
2400.3,0.5296,0.2363,0.4802,0.0146,0.1033,0.0473,0.2409,0.0179,0.0795,0.142,1.12,0.256,0.7,0.268,1.338,1.303,1.419,1.178
2460.4,0.5427,0.2386,0.4889,0.0132,0.1498,0.0557,0.2406,0.0189,0.1221,0.142,1.133,0.256,0.7,0.415,1.338,1.303,1.607,1.178
2520.4,0.5569,0.2387,0.4928,0.0313,0.1728,0.0532,0.2352,0.0779,0.1363,0.142,1.135,0.256,0.7,0.415,1.338,1.303,1.607,1.178
2580.1,0.5671,0.2383,0.4991,0.0599,0.1807,0.0515,0.2298,0.0058,0.0991,0.142,1.136,0.256,0.7,0.415,1.338,1.303,1.643,1.178
2640.4,0.5738,0.2364,0.5051,0.078,0.1889,0.0641,0.2144,0.0101,0.1243,0.142,1.136,0.256,0.7,0.415,1.338,1.303,1.643,1.178
2700.2,0.5776,0.234,0.512,0.0683,0.1919,0.052,0.1989,0.0189,0.0839,0.142,1.136,0.256,0.7,0.415,1.338,1.303,1.643,1.178
2760.0,0.5792,0.2277,0.5327,0.0736,0.195,0.0456,0.1811,0.0743,0.0956,0.142,1.136,0.256,0.7,0.415,1.338,1.303,1.643,1.178
2820.4,0.5775,0.2207,0.5474,0.0846,0.197,0.0333,0.162,0.0012,0.1942,0.142,1.136,0.256,0.7,0.415,1.338,1.303,1.714,1.178
2880.1,0.5736,0.2127,0.5582,0.066,0.1975,0.0406,0.1417,0.1096,0.0651,0.142,1.136,0.256,0.7,0.415,1.338,1.303,1.714,1.178
2940.4,0.5683,0.2036,0.5765,0.0635,0.1963,0.0404,0.1197,0.2666,0.087,0.142,1.136,0.256,0.732,0.415,1.338,1.303,1.714,1.178
3000.4,0.5618,0.1938,0.5991,0.0717,0.2002,0.0349,0.0998,0.0974,0.0491,0.142,1.136,0.256,0.732,0.415,1.338,1.303,1.714,1.178
3060.2,0.5547,0.1832,0.6059,0.0671,0.1923,0.0266,0.0832,0.1164,0.1176,0.142,1.136,0.256,0.732,0.415,1.338,1.303,1.714,1.178
3120.3,0.5477,0.1723,0.623,0.0706,0.1934,0.028,0.0672,0.0949,0.1293,0.142,1.136,0.256,0.732,0.415,1.338,1.303,1.714,1.178
3180.5,0.5403,0.1634,0.6313,0.0841,0.1897,0.0227,0.0536,0.0926,0.1529,0.142,1.136,0.256,0.732,0.415,1.338,1.303,1.714,1.178
3240.2,0.5334,0.155,0.6321,0.0728,0.1912,0.0207,0.0418,0.0746,0.1371,0.142,1.136,0.256,0.732,0.415,1.338,1.303,1.714,1.178
3300.2,0.5271,0.1473,0.6557,0.0684,0.1948,0.017,0.0316,0.076,0.1447,0.142,1.136,0.256,0.732,0.415,1.338,1.303,1.714,1.178
3360.4,0.5209,0.1404,0.6585,0.0649,0.1983,0.0144,0.0226,0.0692,0.1405,0.142,1.136,0.256,0.732,0.415,1.338,1.303,1.714,1.178
3420.4,0.5153,0.1343,0.6652,0.0593,0.2031,0.0121,0.0151,0.0684,0.14,0.142,1.136,0.256,0.732,0.415,1.338,1.303,1.714,1.178
3480.2,0.5105,0.1288,0.6688,0.0546,0.2076,0.0101,0.0096,0.0626,0.1395,0.142,1.136,0.256,0.732,0.415,1.338,1.303,1.714,1.178
3540.2,0.5058,0.1239,0.6802,0.0506,0.2106,0.0083,0.0058,0.0586,0.1353,0.142,1.136,0.256,0.732,0.415,1.338,1.303,1.714,1.178
3600.1,0.5015,0.1194,0.6776,0.0477,0.215,0.0067,0.0031,0.0547,0.1328,0.142,1.136,0.256,0.732,0.415,1.338,1.303,1.714,1.178
3660.4,0.4976,0.1152,0.6843,0.0456,0.2191,0.0054,0.0014,0.0516,0.1302,0.142,1.136,0.256,0.732,0.415,1.338,1.303,1.714,1.178
3720.1,0.4941,0.1114,0.688,0.0439,0.2228,0.0042,0.0004,0.0486,0.1272,0.142,1.136,0.256,0.732,0.415,1.338,1.303,1.714,1.178
3780.1,0.491,0.1079,0.6877,0.0424,0.2247,0.0032,0.0001,0.046,0.1239,0.142,1.136,0.256,0.732,0.415,1.338,1.303,1.714,1.178
3840.1,0.4879,0.1045,0.6872,0.0408,0.2273,0.0024,0.0001,0.0437,0.1203,0.142,1.136,0.256,0.732,0.415,1.338,1.303,1.714,1.178
3900.4,0.4852,0.1013,0.6882,0.0391,0.2302,0.0017,0.0001,0.0415,0.1166,0.142,1.136,0.256,0.732,0.415,1.338,1.303,1.714,1.178
3960.2,0.4828,0.0985,0.6942,0.0372,0.232,0.0011,0.0001,0.0393,0.1129,0.142,1.136,0.256,0.732,0.415,1.338,1.303,1.714,1.178
4020.5,0.4802,0.0959,0.6967,0.0352,0.2341,0.0006,0.0001,0.0372,0.1092,0.142,1.136,0.256,0.732,0.415,1.338,1.303,1.714,1.178
4080.2,0.4782,0.0935,0.6957,0.0332,0.2356,0.0003,0.0001,0.0351,0.1056,0.142,1.136,0.256,0.732,0.415,1.338,1.303,1.714,1.178
4140.3,0.4762,0.0913,0.6976,0.0311,0.2358,0.0001,0.0001,0.0331,0.1021,0.142,1.136,0.256,0.732,0.415,1.338,1.303,1.714,1.178
4200.3,0.4741,0.0893,0.7,0.029,0.2386,0.0001,0.0001,0.0312,0.0987,0.142,1.136,0.256,0.732,0.415,1.338,1.303,1.714,1.178
4260.3,0.4725,0.0874,0.7038,0.0269,0.2398,0.0001,0.0001,0.0294,0.0953,0.142,1.136,0.256,0.732,0.415,1.338,1.303,1.714,1.178
4320.3,0.4706,0.0856,0.7022,0.0248,0.2402,0.0001,0.0001,0.0276,0.0921,0.142,1.136,0.256,0.732,0.415,1.338,1.303,1.714,1.178
4380.3,0.4692,0.084,0.7051,0.0227,0.2415,0.0001,0.0001,0.0259,0.089,0.142,1.136,0.256,0.732,0.415,1.338,1.303,1.714,1.178
4440.2,0.4677,0.0825,0.7032,0.0206,0.2417,0.0001,0.0001,0.0243,0.0862,0.142,1.136,0.256,0.732,0.415,1.338,1.303,1.714,1.178
4500.1,0.4663,0.0811,0.7047,0.0186,0.2429,0.0001,0.0001,0.0228,0.0834,0.142,1.136,0.256,0.732,0.415,1.338,1.303,1.714,1.178
4560.4,0.465,0.0798,0.7101,0.0166,0.2442,0.0001,0.0001,0.0214,0.0809,0.142,1.136,0.256,0.732,0.415,1.338,1.303,1.714,1.178
4620.2,0.4637,0.0786,0.707,0.0147,0.2448,0.0001,0.0001,0.02,0.0785,0.142,1.136,0.256,0.732,0.415,1.338,1.303,1.714,1.178
4680.0,0.4624,0.0774,0.7087,0.0129,0.2457,0.0001,0.0001,0.0188,0.0762,0.142,1.136,0.256,0.732,0.415,1.338,1.303,1.714,1.178
4740.3,0.4614,0.0764,0.7108,0.0111,0.246,0.0001,0.0001,0.0177,0.0741,0.142,1.136,0.256,0.732,0.415,1.338,1.303,1.714,1.178
4800.1,0.4602,0.0754,0.7114,0.0095,0.2462,0.0001,0.0001,0.0167,0.0721,0.142,1.136,0.256,0.732,0.415,1.338,1.303,1.714,1.178
4860.3,0.4591,0.0744,0.7083,0.0078,0.2474,0.0001,0.0001,0.0158,0.0702,0.142,1.136,0.256,0.732,0.415,1.338,1.303,1.714,1.178
4920.0,0.4582,0.0735,0.7087,0.0063,0.2479,0.0001,0.0001,0.015,0.0684,0.142,1.136,0.256,0.732,0.415,1.338,1.303,1.714,1.178
4980.2,0.4572,0.0727,0.7105,0.0049,0.248,0.0001,0.0001,0.0143,0.0667,0.142,1.136,0.256,0.732,0.415,1.338,1.303,1.714,1.178
5040.4,0.4564,0.0719,0.7086,0.0036,0.2483,0.0001,0.0001,0.0137,0.0652,0.142,1.136,0.256,0.732,0.415,1.338,1.303,1.714,1.178
5100.1,0.4554,0.0712,0.7149,0.0025,0.2488,0.0001,0.0001,0.0131,0.0637,0.142,1.136,0.256,0.732,0.415,1.338,1.303,1.714,1.178
5160.2,0.4546,0.0706,0.7177,0.0015,0.2487,0.0001,0.0001,0.0125,0.0623,0.142,1.136,0.256,0.732,0.415,1.338,1.303,1.714,1.178
5220.3,0.4537,0.0699,0.7104,0.0007,0.2498,0.0001,0.0001,0.012,0.061,0.142,1.136,0.256,0.732,0.415,1.338,1.303,1.714,1.178
5280.0,0.4529,0.0694,0.7111,0.0003,0.2498,0.0001,0.0001,0.0115,0.0597,0.142,1.136,0.256,0.732,0.415,1.338,1.303,1.714,1.178
5340.1,0.4522,0.0688,0.7122,0.0002,0.2498,0.0001,0.0001,0.0111,0.0586,0.142,1.136,0.256,0.732,0.415,1.338,1.303,1.714,1.178
5400.2,0.4514,0.0683,0.7106,0.0001,0.2507,0.0001,0.0001,0.0107,0.0574,0.142,1.136,0.256,0.732,0.415,1.338,1.303,1.714,1.178
5460.3,0.4506,0.0678,0.7143,0.0001,0.2507,0.0001,0.0001,0.0103,0.0564,0.142,1.136,0.256,0.732,0.415,1.338,1.303,1.714,1.178
5520.4,0.45,0.0673,0.7114,0.0001,0.2518,0.0001,0.0001,0.0099,0.0553,0.142,1.136,0.256,0.732,0.415,1.338,1.303,1.714,1.178
5580.5,0.4495,0.0669,0.711,0.0001,0.2504,0.0001,0.0001,0.0096,0.0544,0.142,1.136,0.256,0.732,0.415,1.338,1.303,1.714,1.178
5640.1,0.4489,0.0664,0.7113,0.0001,0.2508,0.0001,0.0001,0.0093,0.0534,0.142,1.136,0.256,0.732,0.415,1.338,1.303,1.714,1.178
5700.1,0.4481,0.066,0.7113,0.0001,0.2516,0.0001,0.0001,0.009,0.0525,0.142,1.136,0.256,0.732,0.415,1.338,1.303,1.714,1.178
5760.2,0.4475,0.0656,0.7109,0.0001,0.2518,0.0001,0.0001,0.0087,0.0517,0.142,1.136,0.256,0.732,0.415,1.338,1.303,1.714,1.178
5820.2,0.4472,0.0653,0.7133,0.0001,0.252,0.0001,0.0001,0.0084,0.0509,0.142,1.136,0.256,0.732,0.415,1.338,1.303,1.714,1.178
5880.2,0.4465,0.0649,0.7189,0.0001,0.2529,0.0001,0.0001,0.0082,0.0501,0.142,1.136,0.256,0.732,0.415,1.338,1.303,1.714,1.178
5940.3,0.4459,0.0646,0.7112,0.0001,0.2527,0.0001,0.0001,0.0079,0.0494,0.142,1.136,0.256,0.732,0.415,1.338,1.303,1.714,1.178
6000.3,0.4457,0.0642,0.7167,0.0001,0.2526,0.0001,0.0001,0.0077,0.0487,0.142,1.136,0.256,0.732,0.415,1.338,1.303,1.714,1.178
6060.3,0.445,0.0639,0.7154,0.0001,0.2525,0.0001,0.0001,0.0075,0.048,0.142,1.136,0.256,0.732,0.415,1.338,1.303,1.714,1.178
6120.3,0.4446,0.0636,0.7146,0.0001,0.2532,0.0001,0.0001,0.0073,0.0474,0.142,1.136,0.256,0.732,0.415,1.338,1.303,1.714,1.178
6180.3,0.4442,0.0633,0.7144,0.0001,0.2541,0.0001,0.0001,0.0071,0.0468,0.142,1.136,0.256,0.732,0.415,1.338,1.303,1.714,1.178
6240.3,0.4437,0.063,0.7172,0.0001,0.2536,0.0001,0.0001,0.0069,0.0462,0.142,1.136,0.256,0.732,0.415,1.338,1.303,1.714,1.178
6300.3,0.4433,0.0628,0.7174,0.0001,0.2538,0.0001,0.0001,0.0068,0.0457,0.142,1.136,0.256,0.732,0.415,1.338,1.303,1.714,1.178
6360.3,0.4428,0.0625,0.718,0.0001,0.254,0.0001,0.0001,0.0066,0.0452,0.142,1.136,0.256,0.732,0.415,1.338,1.303,1.714,1.178
6420.3,0.4425,0.0622,0.7132,0.0001,0.2543,0.0001,0.0001,0.0065,0.0447,0.142,1.136,0.256,0.732,0.415,1.338,1.303,1.714,1.178
6480.3,0.442,0.062,0.7209,0.0001,0.2544,0.0001,0.0001,0.0063,0.0443,0.142,1.136,0.256,0.732,0.415,1.338,1.303,1.714,1.178
6540.2,0.4416,0.0617,0.7157,0.0001,0.255,0.0001,0.0001,0.0062,0.0438,0.142,1.136,0.256,0.732,0.415,1.338,1.303,1.714,1.178
6600.2,0.4414,0.0615,0.7155,0.0001,0.2545,0.0001,0.0001,0.0061,0.0434,0.142,1.136,0.256,0.732,0.415,1.338,1.303,1.714,1.178
6660.2,0.4409,0.0613,0.7169,0.0001,0.2551,0.0001,0.0001,0.006,0.043,0.142,1.136,0.256,0.732,0.415,1.338,1.303,1.714,1.178
6720.1,0.4407,0.0611,0.7178,0.0001,0.2556,0.0001,0.0001,0.0058,0.0426,0.142,1.136,0.256,0.732,0.415,1.338,1.303,1.714,1.178
6780.1,0.4404,0.0608,0.7159,0.0001,0.2551,0.0001,0.0001,0.0057,0.0423,0.142,1.136,0.256,0.732,0.415,1.338,1.303,1.714,1.178
6840.0,0.4401,0.0606,0.7193,0.0001,0.2553,0.0001,0.0001,0.0056,0.0419,0.142,1.136,0.256,0.732,0.415,1.338,1.303,1.714,1.178
6900.4,0.4397,0.0604,0.7179,0.0001,0.255,0.0001,0.0001,0.0055,0.0416,0.142,1.136,0.256,0.732,0.415,1.338,1.303,1.714,1.178
6960.4,0.4394,0.0602,0.721,0.0001,0.2551,0.0001,0.0001,0.0054,0.0413,0.142,1.136,0.256,0.732,0.415,1.338,1.303,1.714,1.178
7020.3,0.4391,0.06,0.7184,0.0001,0.2555,0.0001,0.0001,0.0053,0.041,0.142,1.136,0.256,0.732,0.415,1.338,1.303,1.714,1.178
7080.2,0.4387,0.0598,0.7184,0.0001,0.2552,0.0001,0.0001,0.0052,0.0407,0.142,1.136,0.256,0.732,0.415,1.338,1.303,1.714,1.178
7140.2,0.4384,0.0596,0.7194,0.0001,0.2556,0.0001,0.0001,0.0051,0.0404,0.142,1.136,0.256,0.732,0.415,1.338,1.303,1.714,1.178
7200.1,0.4382,0.0595,0.72,0.0001,0.2554,0.0001,0.0001,0.0051,0.0401,0.142,1.136,0.256,0.732,0.415,1.338,1.303,1.714,1.178
7260.0,0.4379,0.0593,0.7202,0.0001,0.2554,0.0001,0.0001,0.005,0.0399,0.142,1.136,0.256,0.732,0.415,1.338,1.303,1.714,1.178
7320.4,0.4376,0.0591,0.7156,0.0001,0.2561,0.0001,0.0001,0.0049,0.0396,0.142,1.136,0.256,0.732,0.415,1.338,1.303,1.714,1.178
7380.4,0.4375,0.0589,0.7173,0.0001,0.2557,0.0001,0.0001,0.0048,0.0394,0.142,1.136,0.256,0.732,0.415,1.338,1.303,1.714,1.178
7440.3,0.4373,0.0588,0.7177,0.0001,0.2563,0.0001,0.0001,0.0048,0.0391,0.142,1.136,0.256,0.732,0.415,1.338,1.303,1.714,1.178
7500.2,0.4369,0.0586,0.7185,0.0001,0.2559,0.0001,0.0001,0.0047,0.0389,0.142,1.136,0.256,0.732,0.415,1.338,1.303,1.714,1.178
7560.1,0.4367,0.0584,0.713,0.0001,0.2561,0.0001,0.0001,0.0046,0.0387,0.142,1.136,0.256,0.732,0.415,1.338,1.303,1.714,1.178
7620.1,0.4365,0.0583,0.7204,0.0001,0.2558,0.0001,0.0001,0.0046,0.0385,0.142,1.136,0.256,0.732,0.415,1.338,1.303,1.714,1.178
7680.4,0.4363,0.0581,0.7188,0.0001,0.2557,0.0001,0.0001,0.0045,0.0383,0.142,1.136,0.256,0.732,0.415,1.338,1.303,1.714,1.178
7740.3,0.4361,0.058,0.7184,0.0001,0.2562,0.0001,0.0001,0.0045,0.0381,0.142,1.136,0.256,0.732,0.415,1.338,1.303,1.714,1.178
7800.3,0.4357,0.0578,0.7159,0.0001,0.2566,0.0001,0.0001,0.0044,0.0379,0.142,1.136,0.256,0.732,0.415,1.338,1.303,1.714,1.178
7860.2,0.4356,0.0577,0.7213,0.0001,0.2562,0.0001,0.0001,0.0043,0.0377,0.142,1.136,0.256,0.732,0.415,1.338,1.303,1.714,1.178
7920.1,0.4355,0.0575,0.7209,0.0001,0.2567,0.0001,0.0001,0.0043,0.0375,0.142,1.136,0.256,0.732,0.415,1.338,1.303,1.714,1.178
7980.5,0.4353,0.0574,0.7193,0.0001,0.2569,0.0001,0.0001,0.0042,0.0374,0.142,1.136,0.256,0.732,0.415,1.338,1.303,1.714,1.178
8040.3,0.435,0.0572,0.7205,0.0001,0.2565,0.0001,0.0001,0.0042,0.0372,0.142,1.136,0.256,0.732,0.415,1.338,1.303,1.714,1.178
8100.3,0.4349,0.0571,0.719,0.0001,0.2569,0.0001,0.0001,0.0041,0.037,0.142,1.136,0.256,0.732,0.415,1.338,1.303,1.714,1.178
8160.2,0.4346,0.057,0.7224,0.0001,0.2566,0.0001,0.0001,0.0041,0.0369,0.142,1.136,0.256,0.732,0.415,1.338,1.303,1.714,1.178
8220.1,0.4345,0.0568,0.7205,0.0001,0.2571,0.0001,0.0001,0.004,0.0367,0.142,1.136,0.256,0.732,0.415,1.338,1.303,1.714,1.178
8280.4,0.4344,0.0567,0.7191,0.0001,0.2568,0.0001,0.0001,0.004,0.0366,0.142,1.136,0.256,0.732,0.415,1.338,1.303,1.714,1.178
8340.3,0.4341,0.0566,0.7218,0.0001,0.2568,0.0001,0.0001,0.004,0.0364,0.142,1.136,0.256,0.732,0.415,1.338,1.303,1.714,1.178
8400.2,0.434,0.0564,0.7203,0.0001,0.2572,0.0001,0.0001,0.0039,0.0363,0.142,1.136,0.256,0.732,0.415,1.338,1.303,1.714,1.178
8460.1,0.4338,0.0563,0.7205,0.0001,0.257,0.0001,0.0001,0.0039,0.0362,0.142,1.136,0.256,0.732,0.415,1.338,1.303,1.714,1.178
8520.4,0.4335,0.0562,0.7194,0.0001,0.2578,0.0001,0.0001,0.0038,0.036,0.142,1.136,0.256,0.732,0.415,1.338,1.303,1.714,1.178
8580.3,0.4334,0.056,0.7224,0.0001,0.2576,0.0001,0.0001,0.0038,0.0359,0.142,1.136,0.256,0.732,0.415,1.338,1.303,1.714,1.178
8640.2,0.4333,0.0559,0.7205,0.0001,0.2575,0.0001,0.0001,0.0038,0.0358,0.142,1.136,0.256,0.732,0.415,1.338,1.303,1.714,1.178
8700.1,0.4329,0.0558,0.718,0.0001,0.2574,0.0001,0.0001,0.0037,0.0356,0.142,1.136,0.256,0.732,0.415,1.338,1.303,1.714,1.178
8760.4,0.4329,0.0557,0.7227,0.0001,0.2572,0.0001,0.0001,0.0037,0.0355,0.142,1.136,0.256,0.732,0.415,1.338,1.303,1.714,1.178
8820.3,0.4329,0.0555,0.7232,0.0001,0.2568,0.0001,0.0001,0.0036,0.0354,0.142,1.136,0.256,0.732,0.415,1.338,1.303,1.714,1.178
8880.2,0.4326,0.0554,0.7214,0.0001,0.2574,0.0001,0.0001,0.0036,0.0353,0.142,1.136,0.256,0.732,0.415,1.338,1.303,1.714,1.178
8940.1,0.4326,0.0553,0.7174,0.0001,0.2576,0.0001,0.0001,0.0036,0.0352,0.142,1.136,0.256,0.732,0.415,1.338,1.303,1.714,1.178
9000.4,0.4325,0.0552,0.7197,0.0001,0.2578,0.0001,0.0001,0.0035,0.0351,0.142,1.136,0.256,0.732,0.415,1.338,1.303,1.714,1.178
9060.2,0.4322,0.055,0.7198,0.0001,0.2576,0.0001,0.0001,0.0035,0.0349,0.142,1.136,0.256,0.732,0.415,1.338,1.303,1.714,1.178
9120.1,0.4321,0.0549,0.7208,0.0001,0.258,0.0001,0.0001,0.0035,0.0348,0.142,1.136,0.256,0.732,0.415,1.338,1.303,1.714,1.178
9180.4,0.432,0.0548,0.7197,0.0001,0.2582,0.0001,0.0001,0.0034,0.0347,0.142,1.136,0.256,0.732,0.415,1.338,1.303,1.714,1.178
9240.3,0.4319,0.0547,0.7192,0.0001,0.2579,0.0001,0.0001,0.0034,0.0346,0.142,1.136,0.256,0.732,0.415,1.338,1.303,1.714,1.178
9300.2,0.4318,0.0546,0.7224,0.0001,0.2581,0.0001,0.0001,0.0034,0.0345,0.142,1.136,0.256,0.732,0.415,1.338,1.303,1.714,1.178
9360.0,0.4315,0.0545,0.719,0.0001,0.2578,0.0001,0.0001,0.0034,0.0344,0.142,1.136,0.256,0.732,0.415,1.338,1.303,1.714,1.178
9420.3,0.4315,0.0543,0.7243,0.0001,0.2579,0.0001,0.0001,0.0033,0.0343,0.142,1.136,0.256,0.732,0.415,1.338,1.303,1.714,1.178
9480.2,0.4313,0.0542,0.7222,0.0001,0.258,0.0001,0.0001,0.0033,0.0342,0.142,1.136,0.256,0.732,0.415,1.338,1.303,1.714,1.178
9540.0,0.4313,0.0541,0.7185,0.0001,0.2575,0.0001,0.0001,0.0033,0.0342,0.142,1.136,0.256,0.732,0.415,1.338,1.303,1.714,1.178
9600.3,0.4311,0.054,0.7208,0.0001,0.258,0.0001,0.0001,0.0032,0.0341,0.142,1.136,0.256,0.732,0.415,1.338,1.303,1.714,1.178
9660.2,0.431,0.0539,0.7211,0.0001,0.2578,0.0001,0.0001,0.0032,0.034,0.142,1.136,0.256,0.732,0.415,1.338,1.303,1.714,1.178
9720.0,0.431,0.0538,0.7187,0.0001,0.2581,0.0001,0.0001,0.0032,0.0339,0.142,1.136,0.256,0.732,0.415,1.338,1.303,1.714,1.178
9780.3,0.4308,0.0537,0.7176,0.0001,0.2581,0.0001,0.0001,0.0032,0.0338,0.142,1.136,0.256,0.732,0.415,1.338,1.303,1.714,1.178
9840.2,0.4307,0.0536,0.7235,0.0001,0.2583,0.0001,0.0001,0.0031,0.0337,0.142,1.136,0.256,0.732,0.415,1.338,1.303,1.714,1.178
9900.5,0.4306,0.0535,0.7201,0.0001,0.2583,0.0001,0.0001,0.0031,0.0336,0.142,1.136,0.256,0.732,0.415,1.338,1.303,1.714,1.178
9960.3,0.4305,0.0534,0.7197,0.0001,0.2579,0.0001,0.0001,0.0031,0.0336,0.142,1.136,0.256,0.732,0.415,1.338,1.303,1.714,1.178
10020.1,0.4303,0.0533,0.7183,0.0001,0.2579,0.0001,0.0001,0.0031,0.0335,0.142,1.136,0.256,0.732,0.415,1.338,1.303,1.714,1.178
10080.4,0.4302,0.0532,0.7184,0.0001,0.2581,0.0001,0.0001,0.003,0.0334,0.142,1.136,0.256,0.732,0.415,1.338,1.303,1.714,1.178
10140.2,0.4302,0.0531,0.7196,0.0001,0.2586,0.0001,0.0001,0.003,0.0333,0.142,1.136,0.256,0.732,0.415,1.338,1.303,1.714,1.178
10200.1,0.4301,0.0531,0.718,0.0001,0.2585,0.0001,0.0001,0.003,0.0332,0.142,1.136,0.256,0.732,0.415,1.338,1.303,1.714,1.178
10260.3,0.43,0.053,0.7239,0.0001,0.2581,0.0001,0.0001,0.003,0.0332,0.142,1.136,0.256,0.732,0.415,1.338,1.303,1.714,1.178
10320.2,0.4299,0.0529,0.7187,0.0001,0.2582,0.0001,0.0001,0.0029,0.0331,0.142,1.136,0.256,0.732,0.415,1.338,1.303,1.714,1.178
10380.5,0.4298,0.0528,0.7204,0.0001,0.2582,0.0001,0.0001,0.0029,0.033,0.142,1.136,0.256,0.732,0.415,1.338,1.303,1.714,1.178
10440.3,0.4296,0.0527,0.7218,0.0001,0.2586,0.0001,0.0001,0.0029,0.033,0.142,1.136,0.256,0.732,0.415,1.338,1.303,1.714,1.178
10500.1,0.4296,0.0526,0.7203,0.0001,0.2581,0.0001,0.0001,0.0029,0.0329,0.142,1.136,0.256,0.732,0.415,1.338,1.303,1.714,1.178
10560.4,0.4294,0.0525,0.7202,0.0001,0.2583,0.0001,0.0001,0.0029,0.0328,0.142,1.136,0.256,0.732,0.415,1.338,1.303,1.714,1.178
10620.2,0.4292,0.0525,0.7173,0.0001,0.2585,0.0001,0.0001,0.0028,0.0327,0.142,1.136,0.256,0.732,0.415,1.338,1.303,1.714,1.178
10680.0,0.4292,0.0524,0.7184,0.0001,0.2588,0.0001,0.0001,0.0028,0.0327,0.142,1.136,0.256,0.732,0.415,1.338,1.303,1.714,1.178
10740.3,0.4291,0.0523,0.7206,0.0001,0.2588,0.0001,0.0001,0.0028,0.0326,0.142,1.136,0.256,0.732,0.415,1.338,1.303,1.714,1.178
10800.1,0.429,0.0522,0.7188,0.0001,0.2587,0.0001,0.0001,0.0028,0.0325,0.142,1.136,0.256,0.732,0.415,1.338,1.303,1.714,1.178
10860.4,0.4289,0.0521,0.7201,0.0001,0.2583,0.0001,0.0001,0.0027,0.0325,0.142,1.136,0.256,0.732,0.415,1.338,1.303,1.714,1.178
10920.2,0.429,0.0521,0.7255,0.0001,0.2587,0.0001,0.0001,0.0027,0.0324,0.142,1.136,0.256,0.732,0.415,1.338,1.303,1.714,1.178
10980.0,0.4289,0.052,0.7225,0.0001,0.259,0.0001,0.0001,0.0027,0.0323,0.142,1.136,0.256,0.732,0.415,1.338,1.303,1.714,1.178
11040.3,0.4287,0.0519,0.7224,0.0001,0.2591,0.0001,0.0001,0.0027,0.0323,0.142,1.136,0.256,0.732,0.415,1.338,1.303,1.714,1.178
11100.1,0.4287,0.0518,0.7188,0.0001,0.2587,0.0001,0.0001,0.0027,0.0322,0.142,1.136,0.256,0.732,0.415,1.338,1.303,1.714,1.178
11160.4,0.4286,0.0518,0.7221,0.0001,0.2589,0.0001,0.0001,0.0026,0.0322,0.142,1.136,0.256,0.732,0.415,1.338,1.303,1.714,1.178
11220.2,0.4285,0.0517,0.7223,0.0001,0.2588,0.0001,0.0001,0.0026,0.0321,0.142,1.136,0.256,0.732,0.415,1.338,1.303,1.714,1.178
11280.0,0.4283,0.0516,0.7221,0.0001,0.2588,0.0001,0.0001,0.0026,0.032,0.142,1.136,0.256,0.732,0.415,1.338,1.303,1.714,1.178
11340.3,0.4283,0.0516,0.724,0.0001,0.2588,0.0001,0.0001,0.0026,0.032,0.142,1.136,0.256,0.732,0.415,1.338,1.303,1.714,1.178
11400.1,0.4282,0.0515,0.7205,0.0001,0.2592,0.0001,0.0001,0.0026,0.0319,0.142,1.136,0.256,0.732,0.415,1.338,1.303,1.714,1.178
11460.3,0.4281,0.0514,0.7199,0.0001,0.2587,0.0001,0.0001,0.0026,0.0319,0.142,1.136,0.256,0.732,0.415,1.338,1.303,1.714,1.178
11520.1,0.4281,0.0514,0.7207,0.0001,0.2591,0.0001,0.0001,0.0025,0.0318,0.142,1.136,0.256,0.732,0.415,1.338,1.303,1.714,1.178
11580.4,0.4281,0.0513,0.7227,0.0001,0.259,0.0001,0.0001,0.0025,0.0317,0.142,1.136,0.256,0.732,0.415,1.338,1.303,1.714,1.178
11640.2,0.428,0.0512,0.7232,0.0001,0.2591,0.0001,0.0001,0.0025,0.0317,0.142,1.136,0.256,0.732,0.415,1.338,1.303,1.714,1.178
11700.0,0.4278,0.0512,0.7188,0.0001,0.259,0.0001,0.0001,0.0025,0.0316,0.142,1.136,0.256,0.732,0.415,1.338,1.303,1.714,1.178
11760.3,0.4277,0.0511,0.7209,0.0001,0.2592,0.0001,0.0001,0.0025,0.0316,0.142,1.136,0.256,0.732,0.415,1.338,1.303,1.714,1.178
11820.1,0.4277,0.051,0.7224,0.0001,0.2593,0.0001,0.0001,0.0025,0.0315,0.142,1.136,0.256,0.732,0.415,1.338,1.303,1.714,1.178
11880.4,0.4277,0.051,0.7202,0.0001,0.259,0.0001,0.0001,0.0024,0.0315,0.142,1.136,0.256,0.732,0.415,1.338,1.303,1.714,1.178
11940.2,0.4276,0.0509,0.7211,0.0001,0.2591,0.0001,0.0001,0.0024,0.0314,0.142,1.136,0.256,0.732,0.415,1.338,1.303,1.714,1.178
12000.4,0.4276,0.0509,0.7221,0.0001,0.2593,0.0001,0.0001,0.0024,0.0314,0.142,1.136,0.256,0.732,0.415,1.338,1.303,1.714,1.178
12060.2,0.4274,0.0508,0.7232,0.0001,0.259,0.0001,0.0001,0.0024,0.0313,0.142,1.136,0.256,0.732,0.415,1.338,1.303,1.714,1.178
12120.0,0.4273,0.0507,0.7225,0.0001,0.2592,0.0001,0.0001,0.0024,0.0313,0.142,1.136,0.256,0.732,0.415,1.338,1.303,1.714,1.178
12180.3,0.4273,0.0507,0.7244,0.0001,0.2591,0.0001,0.0001,0.0024,0.0312,0.142,1.136,0.256,0.732,0.415,1.338,1.303,1.714,1.178
12240.1,0.4272,0.0506,0.7236,0.0001,0.2591,0.0001,0.0001,0.0023,0.0312,0.142,1.136,0.256,0.732,0.415,1.338,1.303,1.714,1.178
12300.4,0.4271,0.0506,0.724,0.0001,0.2595,0.0001,0.0001,0.0023,0.0311,0.142,1.136,0.256,0.732,0.415,1.338,1.303,1.714,1.178
12360.2,0.4271,0.0505,0.7213,0.0001,0.2593,0.0001,0.0001,0.0023,0.0311,0.142,1.136,0.256,0.732,0.415,1.338,1.303,1.714,1.178
12420.4,0.4271,0.0505,0.7207,0.0001,0.2593,0.0001,0.0001,0.0023,0.031,0.142,1.136,0.256,0.732,0.415,1.338,1.303,1.714,1.178
12480.2,0.427,0.0504,0.724,0.0001,0.2593,0.0001,0.0001,0.0023,0.031,0.142,1.136,0.256,0.732,0.415,1.338,1.303,1.714,1.178
12540.0,0.4268,0.0504,0.7247,0.0001,0.2595,0.0001,0.0001,0.0023,0.0309,0.142,1.136,0.256,0.732,0.415,1.338,1.303,1.714,1.178
12600.3,0.4267,0.0503,0.7206,0.0001,0.2596,0.0001,0.0001,0.0023,0.0309,0.142,1.136,0.256,0.732,0.415,1.338,1.303,1.714,1.178
12660.1,0.4268,0.0502,0.7211,0.0001,0.2592,0.0001,0.0001,0.0022,0.0308,0.142,1.136,0.256,0.732,0.415,1.338,1.303,1.714,1.178
12720.3,0.4268,0.0502,0.7221,0.0001,0.2593,0.0001,0.0001,0.0022,0.0308,0.142,1.136,0.256,0.732,0.415,1.338,1.303,1.714,1.178
12780.1,0.4267,0.0501,0.7203,0.0001,0.2594,0.0001,0.0001,0.0022,0.0307,0.142,1.136,0.256,0.732,0.415,1.338,1.303,1.714,1.178
12840.4,0.4266,0.0501,0.7203,0.0001,0.2594,0.0001,0.0001,0.0022,0.0307,0.142,1.136,0.256,0.732,0.415,1.338,1.303,1.714,1.178
12900.2,0.4265,0.05,0.7231,0.0001,0.2596,0.0001,0.0001,0.0022,0.0307,0.142,1.136,0.256,0.732,0.415,1.338,1.303,1.714,1.178
12960.0,0.4264,0.05,0.7181,0.0001,0.2596,0.0001,0.0001,0.0022,0.0306,0.142,1.136,0.256,0.732,0.415,1.338,1.303,1.714,1.178
13020.3,0.4265,0.0499,0.7214,0.0001,0.2594,0.0001,0.0001,0.0022,0.0306,0.142,1.136,0.256,0.732,0.415,1.338,1.303,1.714,1.178
13080.1,0.4263,0.0499,0.7224,0.0001,0.2597,0.0001,0.0001,0.0021,0.0305,0.142,1.136,0.256,0.732,0.415,1.338,1.303,1.714,1.178
13140.3,0.4263,0.0499,0.7191,0.0001,0.2595,0.0001,0.0001,0.0021,0.0305,0.142,1.136,0.256,0.732,0.415,1.338,1.303,1.714,1.178
13200.1,0.4263,0.0498,0.7226,0.0001,0.2598,0.0001,0.0001,0.0021,0.0304,0.142,1.136,0.256,0.732,0.415,1.338,1.303,1.714,1.178
13260.4,0.4261,0.0498,0.7248,0.0001,0.2599,0.0001,0.0001,0.0021,0.0304,0.142,1.136,0.256,0.732,0.415,1.338,1.303,1.714,1.178
13320.2,0.4262,0.0497,0.722,0.0001,0.2599,0.0001,0.0001,0.0021,0.0304,0.142,1.136,0.256,0.732,0.415,1.338,1.303,1.714,1.178
13380.5,0.4261,0.0497,0.7216,0.0001,0.2596,0.0001,0.0001,0.0021,0.0303,0.142,1.136,0.256,0.732,0.415,1.338,1.303,1.714,1.178
13440.3,0.4262,0.0496,0.7204,0.0001,0.2596,0.0001,0.0001,0.0021,0.0303,0.142,1.136,0.256,0.732,0.415,1.338,1.303,1.714,1.178
13500.1,0.4259,0.0496,0.7232,0.0001,0.2597,0.0001,0.0001,0.0021,0.0302,0.142,1.136,0.256,0.732,0.415,1.338,1.303,1.714,1.178
13560.3,0.4259,0.0495,0.7224,0.0001,0.2598,0.0001,0.0001,0.002,0.0302,0.142,1.136,0.256,0.732,0.415,1.338,1.303,1.714,1.178
13620.1,0.4259,0.0495,0.7221,0.0001,0.2598,0.0001,0.0001,0.002,0.0302,0.142,1.136,0.256,0.732,0.415,1.338,1.303,1.714,1.178
13680.4,0.4259,0.0495,0.7222,0.0001,0.2599,0.0001,0.0001,0.002,0.0301,0.142,1.136,0.256,0.732,0.415,1.338,1.303,1.714,1.178
13740.2,0.4257,0.0494,0.7214,0.0001,0.2598,0.0001,0.0001,0.002,0.0301,0.142,1.136,0.256,0.732,0.415,1.338,1.303,1.714,1.178
13800.4,0.4256,0.0494,0.7208,0.0001,0.2598,0.0001,0.0001,0.002,0.03,0.142,1.136,0.256,0.732,0.415,1.338,1.303,1.714,1.178
13860.2,0.4257,0.0493,0.7245,0.0001,0.2601,0.0001,0.0001,0.002,0.03,0.142,1.136,0.256,0.732,0.415,1.338,1.303,1.714,1.178
13920.0,0.4257,0.0493,0.7218,0.0001,0.2598,0.0001,0.0001,0.002,0.03,0.142,1.136,0.256,0.732,0.415,1.338,1.303,1.714,1.178
13980.3,0.4256,0.0493,0.7223,0.0001,0.2599,0.0001,0.0001,0.002,0.0299,0.142,1.136,0.256,0.732,0.415,1.338,1.303,1.714,1.178
14040.1,0.4254,0.0492,0.7247,0.0001,0.2601,0.0001,0.0001,0.002,0.0299,0.142,1.136,0.256,0.732,0.415,1.338,1.303,1.714,1.178
14100.3,0.4255,0.0492,0.7257,0.0001,0.2601,0.0001,0.0001,0.0019,0.0299,0.142,1.136,0.256,0.732,0.415,1.338,1.303,1.714,1.178
14160.1,0.4254,0.0491,0.7246,0.0001,0.2598,0.0001,0.0001,0.0019,0.0298,0.142,1.136,0.256,0.732,0.415,1.338,1.303,1.714,1.178
14220.4,0.4254,0.0491,0.7226,0.0001,0.2602,0.0001,0.0001,0.0019,0.0298,0.142,1.136,0.256,0.732,0.415,1.338,1.303,1.714,1.178
14280.2,0.4253,0.0491,0.7231,0.0001,0.2599,0.0001,0.0001,0.0019,0.0298,0.142,1.136,0.256,0.732,0.415,1.338,1.303,1.714,1.178
14340.0,0.4253,0.049,0.7234,0.0001,0.2602,0.0001,0.0001,0.0019,0.0297,0.142,1.136,0.256,0.732,0.415,1.338,1.303,1.714,1.178
14400.3,0.4252,0.049,0.7223,0.0001,0.26,0.0001,0.0001,0.0019,0.0297,0.142,1.136,0.256,0.732,0.415,1.338,1.303,1.714,1.178
14460.1,0.4253,0.049,0.7218,0.0001,0.26,0.0001,0.0001,0.0019,0.0297,0.142,1.136,0.256,0.732,0.415,1.338,1.303,1.714,1.178
14520.3,0.425,0.0489,0.7211,0.0001,0.2602,0.0001,0.0001,0.0019,0.0296,0.142,1.136,0.256,0.732,0.415,1.338,1.303,1.714,1.178
14580.1,0.425,0.0489,0.7233,0.0001,0.26,0.0001,0.0001,0.0019,0.0296,0.142,1.136,0.256,0.732,0.415,1.338,1.303,1.714,1.178
14640.4,0.4251,0.0489,0.7232,0.0001,0.2598,0.0001,0.0001,0.0019,0.0296,0.142,1.136,0.256,0.732,0.415,1.338,1.303,1.714,1.178
14700.2,0.4251,0.0488,0.7233,0.0001,0.2601,0.0001,0.0001,0.0018,0.0295,0.142,1.136,0.256,0.732,0.415,1.338,1.303,1.714,1.178
14760.4,0.425,0.0488,0.7245,0.0001,0.2602,0.0001,0.0001,0.0018,0.0295,0.142,1.136,0.256,0.732,0.415,1.338,1.303,1.714,1.178
14820.2,0.4249,0.0488,0.7231,0.0001,0.2599,0.0001,0.0001,0.0018,0.0295,0.142,1.136,0.256,0.732,0.415,1.338,1.303,1.714,1.178
14880.0,0.4249,0.0487,0.7206,0.0001,0.2599,0.0001,0.0001,0.0018,0.0294,0.142,1.136,0.256,0.732,0.415,1.338,1.303,1.714,1.178
14940.3,0.425,0.0487,0.72,0.0001,0.2601,0.0001,0.0001,0.0018,0.0294,0.142,1.136,0.256,0.732,0.415,1.338,1.303,1.714,1.178
15000.1,0.4248,0.0487,0.7225,0.0001,0.2601,0.0001,0.0001,0.0018,0.0294,0.142,1.136,0.256,0.732,0.415,1.338,1.303,1.714,1.178
15060.4,0.4247,0.0486,0.7223,0.0001,0.2599,0.0001,0.0001,0.0018,0.0293,0.142,1.136,0.256,0.732,0.415,1.338,1.303,1.714,1.178
15120.2,0.4248,0.0486,0.7247,0.0001,0.2602,0.0001,0.0001,0.0018,0.0293,0.142,1.136,0.256,0.732,0.415,1.338,1.303,1.714,1.178
15180.4,0.4247,0.0486,0.7235,0.0001,0.2602,0.0001,0.0001,0.0018,0.0293,0.142,1.136,0.256,0.732,0.415,1.338,1.303,1.714,1.178
15240.2,0.4246,0.0485,0.7213,0.0001,0.26,0.0001,0.0001,0.0018,0.0292,0.142,1.136,0.256,0.732,0.415,1.338,1.303,1.714,1.178
15300.0,0.4247,0.0485,0.7223,0.0001,0.2601,0.0001,0.0001,0.0017,0.0292,0.142,1.136,0.256,0.732,0.415,1.338,1.303,1.714,1.178
15360.3,0.4245,0.0485,0.7221,0.0001,0.2602,0.0001,0.0001,0.0017,0.0292,0.142,1.136,0.256,0.732,0.415,1.338,1.303,1.714,1.178
15420.1,0.4244,0.0484,0.7206,0.0001,0.2604,0.0001,0.0001,0.0017,0.0292,0.142,1.136,0.256,0.732,0.415,1.338,1.303,1.714,1.178
15480.3,0.4244,0.0484,0.7228,0.0001,0.2602,0.0001,0.0001,0.0017,0.0291,0.142,1.136,0.256,0.732,0.415,1.338,1.303,1.714,1.178
15540.1,0.4246,0.0484,0.7217,0.0001,0.2603,0.0001,0.0001,0.0017,0.0291,0.142,1.136,0.256,0.732,0.415,1.338,1.303,1.714,1.178
15600.4,0.4244,0.0483,0.7209,0.0001,0.2603,0.0001,0.0001,0.0017,0.0291,0.142,1.136,0.256,0.732,0.415,1.338,1.303,1.714,1.178
15660.2,0.4243,0.0483,0.7237,0.0001,0.2604,0.0001,0.0001,0.0017,0.029,0.142,1.136,0.256,0.732,0.415,1.338,1.303,1.714,1.178
15720.4,0.4242,0.0483,0.7224,0.0001,0.2603,0.0001,0.0001,0.0017,0.029,0.142,1.136,0.256,0.732,0.415,1.338,1.303,1.714,1.178
15780.2,0.4243,0.0483,0.7239,0.0001,0.2604,0.0001,0.0001,0.0017,0.029,0.142,1.136,0.256,0.732,0.415,1.338,1.303,1.714,1.178
15840.0,0.4242,0.0482,0.7232,0.0001,0.2604,0.0001,0.0001,0.0017,0.029,0.142,1.136,0.256,0.732,0.415,1.338,1.303,1.714,1.178
15900.3,0.4242,0.0482,0.7225,0.0001,0.2603,0.0001,0.0001,0.0017,0.0289,0.142,1.136,0.256,0.732,0.415,1.338,1.303,1.714,1.178
15960.1,0.4242,0.0482,0.7219,0.0001,0.26,0.0001,0.0001,0.0017,0.0289,0.142,1.136,0.256,0.732,0.415,1.338,1.303,1.714,1.178
16020.4,0.4243,0.0481,0.7228,0.0001,0.2606,0.0001,0.0001,0.0017,0.0289,0.142,1.136,0.256,0.732,0.415,1.338,1.303,1.714,1.178
16080.2,0.424,0.0481,0.723,0.0001,0.2605,0.0001,0.0001,0.0016,0.0289,0.142,1.136,0.256,0.732,0.415,1.338,1.303,1.714,1.178
16140.4,0.424,0.0481,0.7229,0.0001,0.2601,0.0001,0.0001,0.0016,0.0288,0.142,1.136,0.256,0.732,0.415,1.338,1.303,1.714,1.178
16200.2,0.4241,0.0481,0.7231,0.0001,0.2603,0.0001,0.0001,0.0016,0.0288,0.142,1.136,0.256,0.732,0.415,1.338,1.303,1.714,1.178
16260.0,0.4238,0.048,0.7221,0.0001,0.2604,0.0001,0.0001,0.0016,0.0288,0.142,1.136,0.256,0.732,0.415,1.338,1.303,1.714,1.178
16320.3,0.424,0.048,0.7257,0.0001,0.2605,0.0001,0.0001,0.0016,0.0288,0.142,1.136,0.256,0.732,0.415,1.338,1.303,1.714,1.178
16380.1,0.4238,0.048,0.7214,0.0001,0.2603,0.0001,0.0001,0.0016,0.0287,0.142,1.136,0.256,0.732,0.415,1.338,1.303,1.714,1.178
16440.3,0.4239,0.048,0.7224,0.0001,0.2603,0.0001,0.0001,0.0016,0.0287,0.142,1.136,0.256,0.732,0.415,1.338,1.303,1.714,1.178
16500.1,0.4238,0.0479,0.7229,0.0001,0.2604,0.0001,0.0001,0.0016,0.0287,0.142,1.136,0.256,0.732,0.415,1.338,1.303,1.714,1.178
16560.4,0.4238,0.0479,0.7223,0.0001,0.2604,0.0001,0.0001,0.0016,0.0287,0.142,1.136,0.256,0.732,0.415,1.338,1.303,1.714,1.178
16620.2,0.4237,0.0479,0.7228,0.0001,0.2604,0.0001,0.0001,0.0016,0.0286,0.142,1.136,0.256,0.732,0.415,1.338,1.303,1.714,1.178
16680.4,0.4237,0.0479,0.7217,0.0001,0.2605,0.0001,0.0001,0.0016,0.0286,0.142,1.136,0.256,0.732,0.415,1.338,1.303,1.714,1.178
16740.2,0.4238,0.0478,0.7226,0.0001,0.2603,0.0001,0.0001,0.0016,0.0286,0.142,1.136,0.256,0.732,0.415,1.338,1.303,1.714,1.178
16800.0,0.4237,0.0478,0.7237,0.0001,0.2603,0.0001,0.0001,0.0016,0.0286,0.142,1.136,0.256,0.732,0.415,1.338,1.303,1.714,1.178
16860.3,0.4236,0.0478,0.7254,0.0001,0.2608,0.0001,0.0001,0.0015,0.0285,0.142,1.136,0.256,0.732,0.415,1.338,1.303,1.714,1.178
16920.1,0.4237,0.0478,0.7213,0.0001,0.2604,0.0001,0.0001,0.0015,0.0285,0.142,1.136,0.256,0.732,0.415,1.338,1.303,1.714,1.178
16980.3,0.4236,0.0477,0.7229,0.0001,0.2604,0.0001,0.0001,0.0015,0.0285,0.142,1.136,0.256,0.732,0.415,1.338,1.303,1.714,1.178
17040.1,0.4235,0.0477,0.725,0.0001,0.2606,0.0001,0.0001,0.0015,0.0285,0.142,1.136,0.256,0.732,0.415,1.338,1.303,1.714,1.178
17100.4,0.4235,0.0477,0.7225,0.0001,0.2604,0.0001,0.0001,0.0015,0.0285,0.142,1.136,0.256,0.732,0.415,1.338,1.303,1.714,1.178
17160.2,0.4235,0.0477,0.7245,0.0001,0.2604,0.0001,0.0001,0.0015,0.0284,0.142,1.136,0.256,0.732,0.415,1.338,1.303,1.714,1.178
17220.4,0.4235,0.0476,0.724,0.0001,0.2605,0.0001,0.0001,0.0015,0.0284,0.142,1.136,0.256,0.732,0.415,1.338,1.303,1.714,1.178
17280.2,0.4235,0.0476,0.7208,0.0001,0.2605,0.0001,0.0001,0.0015,0.0284,0.142,1.136,0.256,0.732,0.415,1.338,1.303,1.714,1.178
17340.0,0.4234,0.0476,0.7234,0.0001,0.2605,0.0001,0.0001,0.0015,0.0284,0.142,1.136,0.256,0.732,0.415,1.338,1.303,1.714,1.178
17400.3,0.4234,0.0476,0.7236,0.0001,0.2605,0.0001,0.0001,0.0015,0.0283,0.142,1.136,0.256,0.732,0.415,1.338,1.303,1.714,1.178
17460.1,0.4232,0.0476,0.7235,0.0001,0.2605,0.0001,0.0001,0.0015,0.0283,0.142,1.136,0.256,0.732,0.415,1.338,1.303,1.714,1.178
17520.4,0.4233,0.0475,0.7236,0.0001,0.2607,0.0001,0.0001,0.0015,0.0283,0.142,1.136,0.256,0.732,0.415,1.338,1.303,1.714,1.178
17580.2,0.4232,0.0475,0.7237,0.0001,0.2606,0.0001,0.0001,0.0015,0.0283,0.142,1.136,0.256,0.732,0.415,1.338,1.303,1.714,1.178
17640.4,0.4232,0.0475,0.7223,0.0001,0.2606,0.0001,0.0001,0.0015,0.0283,0.142,1.136,0.256,0.732,0.415,1.338,1.303,1.714,1.178
17700.2,0.4233,0.0475,0.7243,0.0001,0.2607,0.0001,0.0001,0.0015,0.0282,0.142,1.136,0.256,0.732,0.415,1.338,1.303,1.714,1.178
17760.0,0.4232,0.0474,0.722,0.0001,0.2605,0.0001,0.0001,0.0015,0.0282,0.142,1.136,0.256,0.732,0.415,1.338,1.303,1.714,1.178
17820.3,0.4231,0.0474,0.7233,0.0001,0.2607,0.0001,0.0001,0.0014,0.0282,0.142,1.136,0.256,0.732,0.415,1.338,1.303,1.714,1.178
17880.1,0.4232,0.0474,0.7237,0.0001,0.2607,0.0001,0.0001,0.0014,0.0282,0.142,1.136,0.256,0.732,0.415,1.338,1.303,1.714,1.178
17940.3,0.4231,0.0474,0.7243,0.0001,0.2606,0.0001,0.0001,0.0014,0.0282,0.142,1.136,0.256,0.732,0.415,1.338,1.303,1.714,1.178
